Delegacia;Nome Antigo;CNPJ;Código;Categoria
DELEGACIA DE POLÍCIA CIVIL DE COMBATE Ŕ CORRUPÇĂO;DELEGACIA DE COMBATE A CORRUPÇĂO FORTALEZA;01.869.564/0001-28;20176298;Delegacia
DELEGACIA DE POLÍCIA CIVIL DE COMBATE AOS CRIMES CONTRA A ORDEM TRIBUTÁRIA;DELEGACIA DE COMBATE AOS CRIMES CONTRA A ORDEM TRIBUTÁRIA;01.869.564/0001-28;20201161;Delegacia
DELEGACIA DE POLÍCIA CIVIL DE COMBATE AOS CRIMES DE LAVAGEM DE DINHEIRO;DELEGACIA DE COMBATE AOS CRIMES DE LAVAGEM DE DINHEIRO;01.869.564/0001-28;20867024;Delegacia
DELEGACIA DE POLÍCIA CIVIL DE ASSUNTOS INTERNOS;DELEGACIA DE ASSUNTOS INTERNOS;01.869.564/0001-28;20174923;Delegacia
DELEGACIA DE POLÍCIA CIVIL DE CAPTURAS E POLINTER;DELEGACIA DE CAPTURAS E POLINTER;01.869.564/0001-28;20176317;Delegacia
DELEGACIA DE POLÍCIA CIVIL DE PROTEÇĂO AO MEIO AMBIENTE;DELEGACIA DE PROTEÇĂO AO MEIO AMBIENTE;01.869.564/0001-28;20175034;Delegacia
DELEGACIA DE POLÍCIA CIVIL DE PROTEÇĂO AO TURISTA;DELEGACIA DE PROTEÇĂO AO TURISTA;01.869.564/0001-28;20176228;Delegacia
DELEGACIA DE POLÍCIA CIVIL DE REPRESSĂO AOS CRIMES CIBERNÉTICOS;DELEGACIA DE REPRESSĂO AOS CRIMES CIBERNÉTICOS;01.869.564/0001-28;25947490;Delegacia
DELEGACIA DE POLÍCIA CIVIL DO AEROPORTO PINTO MARTINS;DELEGACIA DO AEROPORTO;01.869.564/0001-28;20867010;Delegacia
DELEGACIA DO TORCEDOR E DOS GRANDES EVENTOS;;01.869.564/0001-28;;Delegacia
DELEGACIA DE COMBATE AO TRÁFICO DE ARMAS, MUNIÇŐES E EXPLOSIVOS;;01.869.564/0001-28;33876632;Delegacia
DELEGACIA DE POLÍCIA CIVIL ANTISSE?UESTRO;DELEGACIA ANTISSE?UESTRO;01.869.564/0001-28;20176270;Delegacia
DELEGACIA DE POLÍCIA CIVIL DE DEFRAUDAÇŐES E FALSIFICAÇŐES;DELEGACIA DE DEFRAUDAÇŐES E FALSIFICAÇŐES;01.869.564/0001-28;20176218;Delegacia
DELEGACIA DE POLÍCIA CIVIL DE ROUBOS E FURTOS;DELEGACIA DE ROUBOS E FURTOS;01.869.564/0001-28;20175001;Delegacia
DELEGACIA DE POLÍCIA CIVIL DE ROUBOS E FURTOS DE VEÍCULOS;DELEGACIA DE ROUBOS E FURTOS DE VEÍCULOS E CARGAS;01.869.564/0001-28;20176350;Delegacia
DELEGACIA DE POLÍCIA CIVIL DE NARCÓTICOS;DELEGACIA DE NARCÓTICOS;01.869.564/0001-28;19729595;Delegacia
DELEGACIA DE POLÍCIA CIVIL DE REPRESSĂO ŔS AÇŐES CRIMINOSAS ORGANIZADAS;DELEGACIA DE REPRESSĂO ŔS AÇŐES CRIMINOSAS ORGANIZADAS;01.869.564/0001-28;20174984;Delegacia
DELEGACIA DE POLÍCIA CIVIL DE REPRESSĂO ŔS AÇŐES CRIMINOSAS ORGANIZADAS DO INTERIOR NORTE;;01.869.564/0001-28;;Delegacia
DELEGACIA DE POLÍCIA CIVIL DE REPRESSĂO ŔS AÇŐES CRIMINOSAS ORGANIZADAS DO INTERIOR SUL;;01.869.564/0001-28;;Delegacia
1Ş DELEGACIA DE POLÍCIA CIVIL DA CAPITAL;1ş DISTRITO POLICIAL;01.869.564/0001-28;20174520;Delegacia
2Ş DELEGACIA DE POLÍCIA CIVIL DA CAPITAL;2ş DISTRITO POLICIAL;01.869.564/0001-28;20174725;Delegacia
3Ş DELEGACIA DE POLÍCIA CIVIL DA CAPITAL;3ş DISTRITO POLICIAL;01.869.564/0001-28;20174737;Delegacia
4Ş DELEGACIA DE POLÍCIA CIVIL DA CAPITAL;4ş DISTRITO POLICIAL;01.869.564/0001-28;20174747;Delegacia
5Ş DELEGACIA DE POLÍCIA CIVIL DA CAPITAL;5ş DISTRITO POLICIAL;01.869.564/0001-28;20174759;Delegacia
6Ş DELEGACIA DE POLÍCIA CIVIL DA CAPITAL;6ş DISTRITO POLICIAL;01.869.564/0001-28;20174771;Delegacia
7Ş DELEGACIA DE POLÍCIA CIVIL DA CAPITAL;7ş DISTRITO POLICIAL;01.869.564/0001-28;20174779;Delegacia
8Ş DELEGACIA DE POLÍCIA CIVIL DA CAPITAL;8ş DISTRITO POLICIAL;01.869.564/0001-28;20174784;Delegacia
9Ş DELEGACIA DE POLÍCIA CIVIL DA CAPITAL;9ş DISTRITO POLICIAL;01.869.564/0001-28;20174790;Delegacia
10Ş DELEGACIA DE POLÍCIA CIVIL DA CAPITAL;10ş DISTRITO POLICIAL;01.869.564/0001-28;20174798;Delegacia
11Ş DELEGACIA DE POLÍCIA CIVIL DA CAPITAL;11ş DISTRITO POLICIAL;01.869.564/0001-28;20174807;Delegacia
12Ş DELEGACIA DE POLÍCIA CIVIL DA CAPITAL;12ş DISTRITO POLICIAL;01.869.564/0001-28;20174812;Delegacia
13Ş DELEGACIA DE POLÍCIA CIVIL DA CAPITAL;13ş DISTRITO POLICIAL;01.869.564/0001-28;20174820;Delegacia
14Ş DELEGACIA DE POLÍCIA CIVIL DA CAPITAL;26ş DISTRITO POLICIAL;01.869.564/0001-28;20174872;Delegacia
15Ş DELEGACIA DE POLÍCIA CIVIL DA CAPITAL;15ş DISTRITO POLICIAL;01.869.564/0001-28;20174831;Delegacia
16Ş DELEGACIA DE POLÍCIA CIVIL DA CAPITAL;16ş DISTRITO POLICIAL;01.869.564/0001-28;20174835;Delegacia
17Ş DELEGACIA DE POLÍCIA CIVIL DA CAPITAL;17ş DISTRITO POLICIAL;01.869.564/0001-28;20174840;Delegacia
18Ş DELEGACIA DE POLÍCIA CIVIL DA CAPITAL;35ş DISTRITO POLICIAL;01.869.564/0001-28;20174905;Delegacia
19Ş DELEGACIA DE POLÍCIA CIVIL DA CAPITAL;19ş DISTRITO POLICIAL;01.869.564/0001-28;20174852;Delegacia
20Ş DELEGACIA DE POLÍCIA CIVIL DA CAPITAL;30ş DISTRITO POLICIAL;01.869.564/0001-28;20174883;Delegacia
21Ş DELEGACIA DE POLÍCIA CIVIL DA CAPITAL;27ş DISTRITO POLICIAL;01.869.564/0001-28;20174878;Delegacia
22Ş DELEGACIA DE POLÍCIA CIVIL DA CAPITAL;32ş DISTRITO POLICIAL;01.869.564/0001-28;20174886;Delegacia
23ş DELEGACIA DE POLÍCIA CIVIL DA CAPITAL;33ş DISTRITO POLICIAL;01.869.564/0001-28;20174892;Delegacia
24Ş DELEGACIA DE POLÍCIA CIVIL DA CAPITAL;34ş DISTRITO POLICIAL;01.869.564/0001-28;20174897;Delegacia
25Ş DELEGACIA DE POLÍCIA CIVIL DA CAPITAL;25ş DISTRITO POLICIAL;01.869.564/0001-28;20174865;Delegacia
1Ş DELEGACIA DE POLÍCIA CIVIL DE DEFESA DA MULHER DE FORTALEZA;DELEGACIA DE DEFESA DA MULHER DE FORTALEZA;01.869.564/0001-28;19603215;Delegacia
2Ş DELEGACIA DE POLÍCIA CIVIL DE DEFESA DA MULHER DE FORTALEZA;;01.869.564/0001-28;;Delegacia
DELEGACIA DE POLÍCIA CIVIL DA CRIANÇA E DO ADOLESCENTE;DELEGACIA DA CRIANÇA E DO ADOLESCENTE;01.869.564/0001-28;20174968;Delegacia
DELEGACIA DE POLÍCIA CIVIL DE COMBATE Ŕ EXPLORAÇĂO DA CRIANÇA E DO ADOLESCENTE;DELEGACIA DE COMBATE Ŕ EXPLORAÇĂO DA CRIANÇA E DO ADOLESCENTE;01.869.564/0001-28;20174940;Delegacia
DELEGACIA DE POLÍCIA CIVIL DE DEFESA DA MULHER DE CAUCAIA;DELEGACIA DE DEFESA DA MULHER DE CAUCAIA;01.869.564/0001-28;20574463;Delegacia
DELEGACIA DE POLÍCIA CIVIL DE DEFESA DA MULHER DE CRATO;DELEGACIA DE DEFESA DA MULHER DE CRATO;01.869.564/0001-28;20573937;Delegacia
DELEGACIA DE POLÍCIA CIVIL DE DEFESA DA MULHER DE ICÓ;DELEGACIA DE DEFESA DA MULHER DE ICÓ;01.869.564/0001-28;21148023;Delegacia
DELEGACIA DE POLÍCIA CIVIL DE DEFESA DA MULHER DE IGUATU;DELEGACIA DE DEFESA DA MULHER DE IGUATU;01.869.564/0001-28;20343009;Delegacia
DELEGACIA DE POLÍCIA CIVIL DE DEFESA DA MULHER DE JUAZEIRO DO NORTE;DELEGACIA DE DEFESA DA MULHER DE JUAZEIRO DO NORTE;01.869.564/0001-28;20574045;Delegacia
DELEGACIA DE POLÍCIA CIVIL DE DEFESA DA MULHER DE MARACANAÚ;DELEGACIA DE DEFESA DA MULHER DE MARACANAÚ;01.869.564/0001-28;20574777;Delegacia
DELEGACIA DE POLÍCIA CIVIL DE DEFESA DA MULHER DE PACATUBA;DELEGACIA DE DEFESA DA MULHER DE PACATUBA;01.869.564/0001-28;24528958;Delegacia
DELEGACIA DE POLÍCIA CIVIL DE DEFESA DA MULHER DE ?UIXADÁ;DELEGACIA DE DEFESA DA MULHER DE ?UIXADÁ;01.869.564/0001-28;21939197;Delegacia
DELEGACIA DE POLÍCIA CIVIL DE DEFESA DA MULHER DE SOBRAL;DELEGACIA DE DEFESA DA MULHER DE SOBRAL;01.869.564/0001-28;20574115;Delegacia
DELEGACIA DE POLÍCIA CIVIL DE PROTEÇĂO AO IDOSO E PESSOA COM DEFICIĘNCIA;DELEGACIA DE PROTEÇĂO AO IDOSO E PESSOA COM DEFICIĘNCIA;01.869.564/0001-28;20175021;Delegacia
DELEGACIA DE POLÍCIA CIVIL DE REPRESSĂO AOS CRIMES DE INTOLERÂNCIA RACIAL, RELIGIOSA, POR IDENTIDADE D;DELEGACIA DE REPRESSĂO AOS CRIMES POR DISCRIMINAÇĂO RACIACIAL, RELIGIOSA, POR IDENTIDADE D;01.869.564/0001-28;30074282;Delegacia
1Ş DELEGACIA DE POLÍCIA CIVIL DE HOMICÍDIOS E PROTEÇĂO Ŕ PESSOA;1Ş DELEGACIA DE HOMICÍDIOS;01.869.564/0001-28;20866829;Delegacia
2Ş DELEGACIA DE POLÍCIA CIVIL DE HOMICÍDIOS E PROTEÇĂO Ŕ PESSOA;2Ş DELEGACIA DE HOMICÍDIOS;01.869.564/0001-28;20866845;Delegacia
3Ş DELEGACIA DE POLÍCIA CIVIL DE HOMICÍDIOS E PROTEÇĂO Ŕ PESSOA;3Ş DELEGACIA DE HOMICÍDIOS;01.869.564/0001-28;20866876;Delegacia
4Ş DELEGACIA DE POLÍCIA CIVIL DE HOMICÍDIOS E PROTEÇĂO Ŕ PESSOA;4Ş DELEGACIA DE HOMICÍDIOS;01.869.564/0001-28;20866907;Delegacia
5Ş DELEGACIA DE POLÍCIA CIVIL DE HOMICÍDIOS E PROTEÇĂO Ŕ PESSOA;5Ş DELEGACIA DE HOMICÍDIOS;01.869.564/0001-28;20866919;Delegacia
6Ş DELEGACIA DE POLÍCIA CIVIL DE HOMICÍDIOS E PROTEÇĂO Ŕ PESSOA;6Ş DELEGACIA DE HOMICÍDIOS;01.869.564/0001-28;20866963;Delegacia
7Ş DELEGACIA DE POLÍCIA CIVIL DE HOMICÍDIOS E PROTEÇĂO Ŕ PESSOA;7Ş DELEGACIA DE HOMICÍDIOS;01.869.564/0001-28;20866974;Delegacia
8Ş DELEGACIA DE POLÍCIA CIVIL DE HOMICÍDIOS E PROTEÇĂO Ŕ PESSOA;8Ş DELEGACIA DE HOMICÍDIOS;01.869.564/0001-28;20866984;Delegacia
9Ş DELEGACIA DE POLÍCIA CIVIL DE HOMICÍDIOS E PROTEÇĂO Ŕ PESSOA;9Ş DELEGACIA DE HOMICÍDIOS;01.869.564/0001-28;20866987;Delegacia
10Ş DELEGACIA DE POLÍCIA CIVIL DE HOMICÍDIOS E PROTEÇĂO Ŕ PESSOA;10Ş DELEGACIA DE HOMICÍDIOS;01.869.564/0001-28;20866991;Delegacia
DELEGACIA DE POLÍCIA CIVIL DE HOMICÍDIOS CONTRA AGENTES DE SEGURANÇA PÚBLICA;11Ş DELEGACIA DE HOMICÍDIOS;01.869.564/0001-28;20866995;Delegacia
DELEGACIA DE POLÍCIA CIVIL DE PESSOAS DESAPARECIDAS;12Ş DELEGACIA DE HOMICÍDIOS;01.869.564/0001-28;20867001;Delegacia
1Ş DELEGACIA DE POLÍCIA CIVIL DE CAUCAIA;DELEGACIA METROPOLITANA DE CAUCAIA;01.869.564/0001-28;20574910;Delegacia
1Ş DELEGACIA DE POLÍCIA CIVIL DE MARACANAÚ;DELEGACIA METROPOLITANA DE MARACANAÚ;01.869.564/0001-28;24527937;Delegacia
1Ş DELEGACIA DE POLÍCIA CIVIL DE PACATUBA;DELEGACIA METROPOLITANA DE PACATUBA;01.869.564/0001-28;24528941;Delegacia
2ş DELEGACIA DE POLÍCIA CIVIL DE CAUCAIA;18ş DISTRITO POLICIAL;01.869.564/0001-28;20575326;Delegacia
2Ş DELEGACIA DE POLÍCIA CIVIL DE MARACANAÚ;29ş DISTRITO POLICIAL;01.869.564/0001-28;20575043;Delegacia
2Ş DELEGACIA DE POLÍCIA CIVIL DE PACATUBA;24ş DISTRITO POLICIAL;01.869.564/0001-28;24529093;Delegacia
3Ş DELEGACIA DE POLÍCIA CIVIL DE CAUCAIA;23ş DISTRITO POLICIAL;-;;
3Ş DELEGACIA DE POLÍCIA CIVIL DE MARACANAÚ;20ş DISTRITO POLICIAL;01.869.564/0001-28;20575278;Delegacia
4Ş DELEGACIA DE POLÍCIA CIVIL DE CAUCAIA;22ş DISTRITO POLICIAL;01.869.564/0001-28;24529076;Delegacia
4Ş DELEGACIA DE POLÍCIA CIVIL DE MARACANAÚ;21ş DISTRITO POLICIAL;01.869.564/0001-28;20575213;Delegacia
5Ş DELEGACIA DE POLÍCIA CIVIL DE CAUCAIA;31ş DISTRITO POLICIAL;01.869.564/0001-28;20574984;Delegacia
5Ş DELEGACIA DE POLÍCIA CIVIL DE MARACANAÚ;28ş DISTRITO POLICIAL;01.869.564/0001-28;20575106;Delegacia
6Ş DELEGACIA DE POLÍCIA CIVIL DE MARACANAÚ;14ş DISTRITO POLICIAL;01.869.564/0001-28;20504911;Delegacia
DELEGACIA DE POLÍCIA CIVIL DE A?UIRAZ;DELEGACIA METROPOLITANA DE A?UIRAZ;01.869.564/0001-28;20879494;Delegacia
DELEGACIA DE POLÍCIA CIVIL DE CASCAVEL;DELEGACIA METROPOLITANA DE CASCAVEL;01.869.564/0001-28;20879595;Delegacia
DELEGACIA DE POLÍCIA CIVIL DE CHOROZINHO;DELEGACIA METROPOLITANA DE CHOROZINHO;01.869.564/0001-28;24528606;Delegacia
DELEGACIA DE POLÍCIA CIVIL DE EUSÉBIO;DELEGACIA METROPOLITANA DE EUSÉBIO;01.869.564/0001-28;20879465;Delegacia
DELEGACIA DE POLÍCIA CIVIL DE GUAIÚBA;DELEGACIA METROPOLITANA DE GUAIÚBA;01.869.564/0001-28;24527945;Delegacia
DELEGACIA DE POLÍCIA CIVIL DE HORIZONTE;DELEGACIA METROPOLITANA DE HORIZONTE;01.869.564/0001-28;24528518;Delegacia
DELEGACIA DE POLÍCIA CIVIL DE ITAITINGA;DELEGACIA METROPOLITANA DE ITAITINGA;01.869.564/0001-28;24528021;Delegacia
DELEGACIA DE POLÍCIA CIVIL DE MARANGUAPE;DELEGACIA METROPOLITANA DE MARANGUAPE;01.869.564/0001-28;24527937;Delegacia
DELEGACIA DE POLÍCIA CIVIL DE PACAJUS;DELEGACIA METROPOLITANA DE PACAJUS;01.869.564/0001-28;24527197;Delegacia
DELEGACIA DE POLÍCIA CIVIL DE PARACURU;DELEGACIA METROPOLITANA DE PARACURU;01.869.564/0001-28;24527888;Delegacia
DELEGACIA DE POLÍCIA CIVIL DE PARAIPABA;DELEGACIA METROPOLITANA DE PARAIPABA;01.869.564/0001-28;24527813;Delegacia
DELEGACIA DE POLÍCIA CIVIL DE PINDORETAMA;DELEGACIA METROPOLITANA DE PINDORETAMA;01.869.564/0001-28;20879517;Delegacia
DELEGACIA DE POLÍCIA CIVIL DE SĂO GONÇALO DO AMARANTE;DELEGACIA METROPOLITANA DE SĂO GONÇALO DO AMARANTE;01.869.564/0001-28;24527934;Delegacia
DELEGACIA DE POLÍCIA CIVIL DE TRAIRI;DELEGACIA METROPOLITANA DE TRAIRI;01.869.564/0001-28;24527467;Delegacia
1Ş DELEGACIA DE POLÍCIA CIVIL DE SOBRAL;DELEGACIA REGIONAL DE SOBRAL;01.869.564/0001-28;20574850;Delegacia
2Ş DELEGACIA DE POLÍCIA CIVIL DE SOBRAL;DELEGACIA MUNICIPAL DE SOBRAL;01.869.564/0001-28;29625928;Delegacia
DELEGACIA DE POLÍCIA CIVIL DE ACARAÚ;DELEGACIA REGIONAL DE ACARAÚ;01.869.564/0001-28;24418864;Delegacia
DELEGACIA DE POLÍCIA CIVIL DE AMONTADA;DELEGACIA MUNICIPAL DE AMONTADA;01.869.564/0001-28;24527550;Delegacia
DELEGACIA DE POLÍCIA CIVIL DE ARACOIABA;DELEGACIA MUNICIPAL DE ARACOIABA;01.869.564/0001-28;24528633;Delegacia
DELEGACIA DE POLÍCIA CIVIL DE BARREIRA;DELEGACIA MUNICIPAL DE BARREIRA;01.869.564/0001-28;24876630;Delegacia
DELEGACIA DE POLÍCIA CIVIL DE BATURITÉ;DELEGACIA REGIONAL DE BATURITÉ;01.869.564/0001-28;20847899;Delegacia
DELEGACIA DE POLÍCIA CIVIL DE BELA CRUZ;DELEGACIA MUNICIPAL DE BELA CRUZ;01.869.564/0001-28;24527168;Delegacia
DELEGACIA DE POLÍCIA CIVIL DE BOA VIAGEM;DELEGACIA MUNICIPAL DE BOA VIAGEM;01.869.564/0001-28;21938972;Delegacia
DELEGACIA DE POLÍCIA CIVIL DE CAMOCIM;DELEGACIA REGIONAL DE CAMOCIM;01.869.564/0001-28;24528785;Delegacia
DELEGACIA DE POLÍCIA CIVIL DE CANINDÉ;DELEGACIA REGIONAL DE CANINDÉ;01.869.564/0001-28;22007490;Delegacia
DELEGACIA DE POLÍCIA CIVIL DE CHAVAL;DELEGACIA MUNICIPAL DE CHAVAL;01.869.564/0001-28;22009109;Delegacia
DELEGACIA DE POLÍCIA CIVIL DE COREAÚ;DELEGACIA MUNICIPAL DE COREAÚ;01.869.564/0001-28;24526969;Delegacia
DELEGACIA DE POLÍCIA CIVIL DE CRATEÚS;DELEGACIA REGIONAL DE CRATEÚS;01.869.564/0001-28;21938985;Delegacia
DELEGACIA DE POLÍCIA CIVIL DE CRUZ;DELEGACIA MUNICIPAL DE CRUZ;01.869.564/0001-28;24528770;Delegacia
DELEGACIA DE POLÍCIA CIVIL DE FOR?UILHA;DELEGACIA MUNICIPAL DE FOR?UILHA;01.869.564/0001-28;30904717;Delegacia
DELEGACIA DE POLÍCIA CIVIL DE GRANJA;DELEGACIA MUNICIPAL DE GRANJA;01.869.564/0001-28;22009157;Delegacia
DELEGACIA DE POLÍCIA CIVIL DE GUARACIABA DO NORTE;DELEGACIA MUNICIPAL DE GUARACIABA DO NORTE;01.869.564/0001-28;22007588;Delegacia
DELEGACIA DE POLÍCIA CIVIL DE GUARAMIRANGA;DELEGACIA MUNICIPAL DE GUARAMIRANGA;01.869.564/0001-28;24528724;Delegacia
DELEGACIA DE POLÍCIA CIVIL DE INDEPENDĘNCIA;DELEGACIA MUNICIPAL DE INDEPENDĘNCIA;01.869.564/0001-28;21938244;Delegacia
DELEGACIA DE POLÍCIA CIVIL DE IPU;DELEGACIA MUNICIPAL DE IPÚ;01.869.564/0001-28;22007891;Delegacia
DELEGACIA DE POLÍCIA CIVIL DE IPUEIRAS;DELEGACIA MUNICIPAL DE IPUEIRAS;01.869.564/0001-28;22007946;Delegacia
DELEGACIA DE POLÍCIA CIVIL DE ITAPAJÉ;DELEGACIA MUNICIPAL DE ITAPAJÉ;01.869.564/0001-28;24527474;Delegacia
DELEGACIA DE POLÍCIA CIVIL DE ITAPIPOCA;DELEGACIA REGIONAL DE ITAPIPOCA;01.869.564/0001-28;24527226;Delegacia
DELEGACIA DE POLÍCIA CIVIL DE ITAREMA;DELEGACIA MUNICIPAL DE ITAREMA;01.869.564/0001-28;24527622;Delegacia
DELEGACIA DE POLÍCIA CIVIL DE JIJOCA DE JERICOACOARA;DELEGACIA MUNICIPAL DE JIJOCA DE JERICOACOARA;01.869.564/0001-28;24528815;Delegacia
DELEGACIA DE POLÍCIA CIVIL DE MARCO;DELEGACIA MUNICIPAL DE MARCO;01.869.564/0001-28;25140236;Delegacia
DELEGACIA DE POLÍCIA CIVIL DE MASSAPĘ;DELEGACIA MUNICIPAL DE MASSAPĘ;01.869.564/0001-28;21939609;Delegacia
DELEGACIA DE POLÍCIA CIVIL DE MONSENHOR TABOSA;DELEGACIA MUNICIPAL DE MONSENHOR TABOSA;01.869.564/0001-28;21939546;Delegacia
DELEGACIA DE POLÍCIA CIVIL DE NOVA RUSSAS;DELEGACIA MUNICIPAL DE NOVO ORIENTE;01.869.564/0001-28;21938054;Delegacia
DELEGACIA DE POLÍCIA CIVIL DE NOVO ORIENTE;DELEGACIA MUNICIPAL DE NOVA RUSSAS;01.869.564/0001-28;22007868;Delegacia
DELEGACIA DE POLÍCIA CIVIL DE OCARA;DELEGACIA MUNICIPAL DE OCARA;01.869.564/0001-28;24529020;Delegacia
DELEGACIA DE POLÍCIA CIVIL DE PACUJÁ;DELEGACIA MUNICIPAL DE PACUJÁ;01.869.564/0001-28;24528893;Delegacia
DELEGACIA DE POLÍCIA CIVIL DE PENTECOSTE;DELEGACIA MUNICIPAL DE PENTECOSTE;01.869.564/0001-28;24527982;Delegacia
DELEGACIA DE POLÍCIA CIVIL DE REDENÇĂO;DELEGACIA MUNICIPAL DE REDENÇĂO;01.869.564/0001-28;24528669;Delegacia
DELEGACIA DE POLÍCIA CIVIL DE SANTA ?UITÉRIA;DELEGACIA MUNICIPAL DE SANTA ?UITÉRIA;01.869.564/0001-28;21939477;Delegacia
DELEGACIA DE POLÍCIA CIVIL DE SANTANA DO ACARAÚ;DELEGACIA MUNICIPAL DE SANTANA DO ACARAÚ;01.869.564/0001-28;24526816;Delegacia
DELEGACIA DE POLÍCIA CIVIL DE SĂO BENEDITO;DELEGACIA MUNICIPAL DE SĂO BENEDITO;01.869.564/0001-28;22007629;Delegacia
DELEGACIA DE POLÍCIA CIVIL DE TAMBORIL;DELEGACIA MUNICIPAL DE TAMBORIL;01.869.564/0001-28;21939055;Delegacia
DELEGACIA DE POLÍCIA CIVIL DE TIANGUÁ;DELEGACIA REGIONAL DE TIANGUÁ;01.869.564/0001-28;22007971;Delegacia
DELEGACIA DE POLÍCIA CIVIL DE UBAJARA;DELEGACIA MUNICIPAL DE UBAJARA;01.869.564/0001-28;22007995;Delegacia
DELEGACIA DE POLÍCIA CIVIL DE URUBURETAMA;DELEGACIA MUNICIPAL DE URUBURETAMA;01.869.564/0001-28;24527503;Delegacia
DELEGACIA DE POLÍCIA CIVIL DE URUOCA;DELEGACIA MUNICIPAL DE URUOCA;01.869.564/0001-28;25155552;Delegacia
DELEGACIA DE POLÍCIA CIVIL DE VARJOTA;DELEGACIA MUNICIPAL DE VARJOTA;01.869.564/0001-28;21939506;Delegacia
DELEGACIA DE POLÍCIA CIVIL DE VIÇOSA DO CEARÁ;DELEGACIA MUNICIPAL DE VIÇOSA DO CEARÁ;01.869.564/0001-28;22009078;Delegacia
1Ş DELEGACIA DE POLÍCIA CIVIL DE JUAZEIRO DO NORTE;DELEGACIA REGIONAL DE JUAZEIRO DO NORTE;01.869.564/0001-28;20574795;Delegacia
2Ş DELEGACIA DE POLÍCIA CIVIL DE JUAZEIRO DO NORTE;;01.869.564/0001-28;;Delegacia
DELEGACIA DE POLÍCIA CIVIL DE ACOPIARA;DELEGACIA MUNICIPAL DE ACOPIARA;01.869.564/0001-28;21938377;Delegacia
DELEGACIA DE POLÍCIA CIVIL DE ALTO SANTO;DELEGACIA MUNICIPAL DE ALTO SANTO;01.869.564/0001-28;21134437;Delegacia
DELEGACIA DE POLÍCIA CIVIL DE ARACATI;DELEGACIA REGIONAL DE ARACATI;01.869.564/0001-28;20879736;Delegacia
DELEGACIA DE POLÍCIA CIVIL DE ARARIPE;DELEGACIA MUNICIPAL DE ARARIPE;01.869.564/0001-28;21939960;Delegacia
DELEGACIA DE POLÍCIA CIVIL DE ASSARÉ;DELEGACIA MUNICIPAL DE ASSARÉ;01.869.564/0001-28;22075138;Delegacia
DELEGACIA DE POLÍCIA CIVIL DE AURORA;DELEGACIA MUNICIPAL DE AURORA;01.869.564/0001-28;21937772;Delegacia
DELEGACIA DE POLÍCIA CIVIL DE BANABUIÚ;DELEGACIA MUNICIPAL DE BANABUIÚ;01.869.564/0001-28;26517546;Delegacia
DELEGACIA DE POLÍCIA CIVIL DE BARBALHA;DELEGACIA MUNICIPAL DE BARBALHA;01.869.564/0001-28;20574719;Delegacia
DELEGACIA DE POLÍCIA CIVIL DE BARRO;;01.869.564/0001-28;;Delegacia
DELEGACIA DE POLÍCIA CIVIL DE BEBERIBE;DELEGACIA MUNICIPAL DE BEBERIBE;01.869.564/0001-28;20879653;Delegacia
DELEGACIA DE POLÍCIA CIVIL DE BREJO SANTO;DELEGACIA REGIONAL DE BREJO SANTO;01.869.564/0001-28;21794961;Delegacia
DELEGACIA DE POLÍCIA CIVIL DE CAMPOS SALES;DELEGACIA MUNICIPAL DE CAMPOS SALES;01.869.564/0001-28;21937810;Delegacia
DELEGACIA DE POLÍCIA CIVIL DE CARIRIAÇU;DELEGACIA MUNICIPAL DE CARIRIAÇU;01.869.564/0001-28;21937561;Delegacia
DELEGACIA DE POLÍCIA CIVIL DE CEDRO;DELEGACIA MUNICIPAL DE CEDRO;01.869.564/0001-28;21150486;Delegacia
DELEGACIA DE POLÍCIA CIVIL DE CRATO;DELEGACIA REGIONAL DE CRATO;01.869.564/0001-28;20574812;Delegacia
DELEGACIA DE POLÍCIA CIVIL DE FARIAS BRITO;DELEGACIA MUNICIPAL DE FARIAS BRITO;01.869.564/0001-28;21150583;Delegacia
DELEGACIA DE POLÍCIA CIVIL DE ICAPUÍ;DELEGACIA MUNICIPAL DE ICAPUÍ;01.869.564/0001-28;20879754;Delegacia
DELEGACIA DE POLÍCIA CIVIL DE ICÓ;DELEGACIA REGIONAL DE ICÓ;01.869.564/0001-28;21805367;Delegacia
DELEGACIA DE POLÍCIA CIVIL DE IGUATU;DELEGACIA REGIONAL DE IGUATU;01.869.564/0001-28;20342848;Delegacia
DELEGACIA DE POLÍCIA CIVIL DE IPAUMIRIM;DELEGACIA MUNICIPAL DE IPAUMIRIM;01.869.564/0001-28;21150507;Delegacia
DELEGACIA DE POLÍCIA CIVIL DE IRACEMA;DELEGACIA MUNICIPAL DE IRACEMA;01.869.564/0001-28;21138627;Delegacia
DELEGACIA DE POLÍCIA CIVIL DE JAGUARETAMA;DELEGACIA MUNICIPAL DE JAGUARETAMA;01.869.564/0001-28;20879790;Delegacia
DELEGACIA DE POLÍCIA CIVIL DE JAGUARIBE;DELEGACIA REGIONAL DE JAGUARIBE;01.869.564/0001-28;21139513;Delegacia
DELEGACIA DE POLÍCIA CIVIL DE JAGUARUANA;DELEGACIA MUNICIPAL DE JAGUARUANA;01.869.564/0001-28;21128229;Delegacia
DELEGACIA DE POLÍCIA CIVIL DE JARDIM;DELEGACIA MUNICIPAL DE JARDIM;01.869.564/0001-28;21937364;Delegacia
DELEGACIA DE POLÍCIA CIVIL DE JUCÁS;DELEGACIA MUNICIPAL DE JUCÁS;01.869.564/0001-28;21939003;Delegacia
DELEGACIA DE POLÍCIA CIVIL DE LAVRAS DA MANGABEIRA;DELEGACIA MUNICIPAL DE LAVRAS DA MANGABEIRA;01.869.564/0001-28;21150557;Delegacia
DELEGACIA DE POLÍCIA CIVIL DE LIMOEIRO DO NORTE;DELEGACIA MUNICIPAL DE LIMOEIRO DO NORTE;01.869.564/0001-28;20343111;Delegacia
DELEGACIA DE POLÍCIA CIVIL DE MAURITI;DELEGACIA MUNICIPAL DE MAURITI;01.869.564/0001-28;21795626;Delegacia
DELEGACIA DE POLÍCIA CIVIL DE MILAGRES;DELEGACIA MUNICIPAL DE MILAGRES;01.869.564/0001-28;21935404;Delegacia
DELEGACIA DE POLÍCIA CIVIL DE MISSĂO VELHA;DELEGACIA MUNICIPAL DE MISSĂO VELHA;01.869.564/0001-28;21937442;Delegacia
DELEGACIA DE POLÍCIA CIVIL DE MOMBAÇA;DELEGACIA MUNICIPAL DE MOMBAÇA;01.869.564/0001-28;21938963;Delegacia
DELEGACIA DE POLÍCIA CIVIL DE MORADA NOVA;DELEGACIA MUNICIPAL DE MORADA NOVA;01.869.564/0001-28;21143539;Delegacia
DELEGACIA DE POLÍCIA CIVIL DE NOVA OLINDA;DELEGACIA MUNICIPAL DE NOVA OLINDA;01.869.564/0001-28;29160464;Delegacia
DELEGACIA DE POLÍCIA CIVIL DE ORÓS;DELEGACIA MUNICIPAL DE ORÓS;01.869.564/0001-28;21150470;Delegacia
DELEGACIA DE POLÍCIA CIVIL DE PARAMBU;DELEGACIA MUNICIPAL DE PARAMBU;01.869.564/0001-28;21940010;Delegacia
DELEGACIA DE POLÍCIA CIVIL DE PEDRA BRANCA;DELEGACIA MUNICIPAL DE PEDRA BRANCA;01.869.564/0001-28;22129693;Delegacia
DELEGACIA DE POLÍCIA CIVIL DE PENAFORTE;DELEGACIA MUNICIPAL DE PENAFORTE;01.869.564/0001-28;21939892;Delegacia
DELEGACIA DE POLÍCIA CIVIL DE ?UITERIANÓPOLIS;DELEGACIA MUNICIPAL DE ?UITERIANÓPOLIS;01.869.564/0001-28;21938115;Delegacia
DELEGACIA DE POLÍCIA CIVIL DE ?UIXADÁ;DELEGACIA REGIONAL DE ?UIXADÁ;01.869.564/0001-28;21939110;Delegacia
DELEGACIA DE POLÍCIA CIVIL DE ?UIXERAMOBIM;DELEGACIA MUNICIPAL DE ?UIXERAMOBIM;01.869.564/0001-28;22075163;Delegacia
DELEGACIA DE POLÍCIA CIVIL DE RUSSAS;DELEGACIA REGIONAL DE RUSSAS;01.869.564/0001-28;20879817;Delegacia
DELEGACIA DE POLÍCIA CIVIL DE SABOEIRO;DELEGACIA MUNICIPAL DE SABOEIRO;01.869.564/0001-28;21937963;Delegacia
DELEGACIA DE POLÍCIA CIVIL DE SĂO JOĂO DO JAGUARIBE;DELEGACIA MUNICIPAL DE SĂO JOĂO DO JAGUARIBE;01.869.564/0001-28;21144233;Delegacia
DELEGACIA DE POLÍCIA CIVIL DE SENADOR POMPEU;DELEGACIA REGIONAL DE SENADOR POMPEU;01.869.564/0001-28;22075155;Delegacia
DELEGACIA DE POLÍCIA CIVIL DE SOLONÓPOLE;DELEGACIA MUNICIPAL DE SOLONÓPOLE;01.869.564/0001-28;21141660;Delegacia
DELEGACIA DE POLÍCIA CIVIL DE TABULEIRO DO NORTE;DELEGACIA MUNICIPAL DE TABULEIRO DO NORTE;01.869.564/0001-28;21131453;Delegacia
DELEGACIA DE POLÍCIA CIVIL DE TAUÁ;DELEGACIA REGIONAL DE TAUÁ;01.869.564/0001-28;21939298;Delegacia
DELEGACIA DE POLÍCIA CIVIL DE VÁRZEA ALEGRE;DELEGACIA MUNICIPAL DE VÁRZEA ALEGRE;01.869.564/0001-28;21150573;Delegacia
1Ş Delegacia de Polícia Civil de Carnaubal;;01.869.564/0001-28;;Delegacia
1Ş Delegacia de Polícia Civil de Aiuaba;;01.869.564/0001-28;;Delegacia
1Ş Delegacia de Polícia Civil de Caridade;;01.869.564/0001-28;;Delegacia
1Ş Delegacia de Polícia Civil de Croatá;;01.869.564/0001-28;31194351;Delegacia
1Ş Delegacia de Polícia Civil de Fortim;;01.869.564/0001-28;32978206;Delegacia
1Ş Delegacia de Polícia Civil de Frecheirinha;;01.869.564/0001-28;;Delegacia
1Ş Delegacia de Polícia Civil de Ibiapina;;01.869.564/0001-28;;Delegacia
1Ş Delegacia de Polícia Civil de Palmacia;;01.869.564/0001-28;;Delegacia
1Ş Delegacia de Polícia Civil de Quixere;;01.869.564/0001-28;;Delegacia
1Ş Delegacia de Polícia Civil de Reriutaba;;01.869.564/0001-28;;Delegacia
1Ş Delegacia de Polícia Civil de Tejuçuoca;;01.869.564/0001-28;;Delegacia
1Ş Delegacia de Polícia Civil de Tururu;;01.869.564/0001-28;30110562;Delegacia
1Ş Delegacia de Polícia Civil de Umirim;;01.869.564/0001-28;30110566;Delegacia
3Ş Seccional do Interior Sul;;01.869.564/0001-28;;Delegacia
Delegacia Eletrônica;;01.869.564/0001-28;;Delegacia
Delegacia de Polícia Civil de Acidentes e Delitos de Transito;;01.869.564/0001-28;20176287;Delegacia
Inteligęncia - Delegacia de Polícia Civil de Tiangua;;01.869.564/0001-28;;Delegacia
Investigaçőes e Operaçőes - 4Ş Delegacia de Polícia Civil de Caucaia;;01.869.564/0001-28;;Delegacia
Investigaçőes e Operaçőes - 4Ş Delegacia de Polícia Civil de Maracanau;;01.869.564/0001-28;;Delegacia
Núcleo de Repressăo ŕ Lavagem de Dinheiro e Combate a Corrupçăo - NRLD/Cariri;;01.869.564/0001-28;25359625;Delegacia
Superintendencia Regional de Policia Federal no Estado Ceara SR/PF/CE;;01.869.564/0001-28;19032888;Delegacia
Central de Procedimentos Digitais - Polícia Civil ;;01.869.564/0001-28;29160460;Delegacia
Casa de Privaçăo Provisória de Liberdade Agente Penitenciário Elias Alves da Silva - CPPL IV;;07.954.530/0009-75;25201701;Unidade Prisional - SAP
Casa de Privaçăo Provisória de Liberdade Professor Clodoaldo Pinto - CPPL II;;07.954.530/0007-03;25201740;Unidade Prisional - SAP
Casa de Privaçăo Provisória de Liberdade Professor José Jucá Neto - CPPL III;;07.954.530/0008-94;25201695;Unidade Prisional - SAP
Casa do Albergado Fortaleza;;07.954.530/0021-61;25274362;Unidade Prisional - SAP
Ceará Leilőes;;05.540.535/0001-79;22143030;Leiloeiro
Central de Alternativas Penais - CAP;;07.954.530/0022-42;25274365;Unidade Administrativa - SAP
Central de Monitoramento;;07.954.530/0025-95;25274380;Unidade Administrativa - SAP
Centro de Detençăo Provisória - CDP;;07.954.530/0004-60;25201670;Unidade Prisional - SAP
Centro de Execuçăo Penal e Integraçăo Social Vasco Damasceno Weyne ż CEPIS;;07.954.530/0011-90;25201672;Unidade Prisional - SAP
Centro de Triagem e Observaçăo Criminológica - CTOC;;07.954.530/0003-80;25201706;Unidade Prisional - SAP
Companhia de Água e Esgoto do Ceará - Cagece;;07.040.108/0001-57;10526059;CAGECE
Companhia Energetica do Ceara - ENEL;;07.047.251/0001-70;10526804;ENEL
Coordenadoria de Gestăo de Pessoas COGEP/SAP_Administraçăo Penitenciária;;01.869.564/0012-80;27529803;Unidade Administrativa - SAP
Coordenadoria de Inclusăo Social do Preso e do Egresso - CISPE;;07.954.530/0024-04;25274375;Unidade Administrativa - SAP
Coordenadoria de Inteligęncia - COINT/SAP;;07.954.530/0038-00;25947579;Unidade Administrativa - SAP
Coordenadoria de Operaçőes Especiais da Polícia Civil do Estado do Ceará;;01.869.564/0301-16;27348211;SSPDS
Coordenadoria Especial do Sistema Prisional COESP;;07.954.530/0020-80;25274350;Unidade Administrativa - SAP
Corpo de Bombeiro Militar do Estado do Ceará;;35.025.022/0001-90;25609465;Bombeiros
Defensoria Pública - Vara Subsequente;;08.036.157/0001-89;15190037;Defensoria Pública
DEFENSORIA PÚBLICA GERAL DO ESTADO DO CEARÁ;;02.014.521/0001-23;7977434;Defensoria Pública
Departamento de Homicídios e Proteçăo a Pessoa - DHPP;;01.869.564/0001-28;20174917;SSPDS
Departamento de Recursos Humanos - Polícia Civil;;01.869.564/0001-28;20145759;SSPDS
Departamento de Tecnologia da Informaçăo e Comunicaçăo - DETIC (Polícia Civil);;01.869.564/0001-28;23831657;SSPDS
Departamento de Inteligencia Policial;;01.869.564/0001-28;20176337;SSPDS
Departamento Estadual de Trânsito - Ce;;01.869.564/0001-28;617154;DETRAN
Gabinete do Delegado Geral;;01.869.564/0001-28;20145422;SSPDS
Hasta Pública (Silvio César Maraschi);;01.869.564/0001-28;22143064;Leiloeiro
Hospital e Sanatório Penal Professor Otávio Lobo - HSPOL;;01.869.564/0001-28;25201747;Unidade Prisional - SAP
Instituto Penal Feminino Desembargadora Auri Moura Costa - IPF;;01.869.564/0001-28;25201712;Unidade Prisional - SAP
Instituto Presídio Professor Olavo Oliveira - IPPOO II;;01.869.564/0001-28;25201717;Unidade Prisional - SAP
Instituto Psiquiatrico Governador Stenio Gomes - IPGSG;;01.869.564/0001-28;25201754;Unidade Prisional - SAP
Ministério Público do Estado do Ceará - MPCE;;06.928.790/0001-56;25195;Ministério Público
Montenegro Leilőes;;01.869.564/0001-28;22143050;Leiloeiro
Núcleo de Gestăo e Recuperaçăo de Ativos - DEREC/NGRA;;01.869.564/0001-28;30347007;SSPDS
Penitenciária Francisco Hélio Viana de Araújo - PFHVA;;01.869.564/0001-28;25201727;Unidade Prisional - SAP
Penitenciária Industrial Regional de Sobral - PIRS;;01.869.564/0001-28;25201764;Unidade Prisional - SAP
Penitenciária Industrial Regional do Cariri - PIRC;;01.869.564/0001-28;25201757;Unidade Prisional - SAP
Perícia Forense do Estado do Ceará - PEFOCE;;10.263.825/0001-52;25947819;PEFOCE
SECRETARIA DA SEGURANÇA PÚBLICA E DEFESA SOCIAL DO ESTADO DO CEARÁ-SSPDS;;01.869.566/0001-17;27184006;SSPDS
Superintendęncia Estadual de Atendimento Socioeducativo - SEAS;;25.150.364/0001-89;20230759;SEAS
Superintendęncia Regional de Polícia Federal no Estado Ceará SR/PF/CE;;00.394.494/0023-41;19032888;Polícia Federal
Unidade Prisional Agente Penitenciário Luciano Andrade Lima;;07.954.530/0042-96;25201736;Unidade Prisional - SAP
Unidade Prisional Desembargador Francisco Adalberto de Oliveira Barros Leal - UP Caucaia;;07.954.530/0010-09;25201722;Unidade Prisional - SAP
Unidade Prisional Irmă Imelda Lima Pontes - UP Irmă Imelda;;07.954.530/0015-13;25201743;Unidade Prisional - SAP
Unidade Prisional Professor José Sobreira de Amorim - UP PJSA;;07.954.530/0005-41;25201733;Unidade Prisional - SAP
Willian Leilőes;;05.540.535/0004-11;22143080;Leiloeiro
Procuradoria Geral do Estado - PGE;;06.622.070/0001-68;10526873;PGE
